vertices,laplacianRatio
1,0
4,2.523719
9,6.754888
16,9.277148
25,9.566134
36,12.012662
49,12.483781
64,13.136226
81,15.573006
100,16.157089
121,16.946813
144,19.132372
169,19.97544
196,20.73704
